{
    "arch": {
        "arch": "x86"
    },
    "regs": {
        "eax": 18446744073709540294,
        "ebx": 0,
        "ecx": 18446744073709540256,
        "edx": 18446744073709540102,
        "esp": 4294955488,
        "ebp": 4294955528,
        "esi": 49362,
        "edi": 0,
        "eip": 134533382,
        "eflags": 646,
        "cs": 35,
        "ss": 43,
        "ds": 43,
        "es": 43,
        "fs": 0,
        "gs": 99
    },
    "segments": [
        {
            "start": 134512640,
            "end": 134541312,
            "name": "/home/sakura/unicorn/FSK_Messaging_Service",
            "permissions": {
                "r": true,
                "w": false,
                "x": true
            },
            "content_file": "622e43e148f84bbcc3858d5d21b27658.bin"
        },
        {
            "start": 134541312,
            "end": 134545408,
            "name": "/home/sakura/unicorn/FSK_Messaging_Service",
            "permissions": {
                "r": true,
                "w": true,
                "x": true
            },
            "content_file": "3bdb3bb08d64c1edbf96dded7ebfdd7f.bin"
        },
        {
            "start": 134545408,
            "end": 134684672,
            "name": "[heap]",
            "permissions": {
                "r": true,
                "w": true,
                "x": true
            },
            "content_file": "7421b6c94cec60eecf995f6dd3931a03.bin"
        },
        {
            "start": 1128775680,
            "end": 1128779776,
            "name": "",
            "permissions": {
                "r": true,
                "w": true,
                "x": true
            },
            "content_file": "f5059f933751154e395d34e7c224a673.bin"
        },
        {
            "start": 4158377984,
            "end": 4160299008,
            "name": "/lib/i386-linux-gnu/libc-2.27.so",
            "permissions": {
                "r": true,
                "w": false,
                "x": true
            },
            "content_file": "80277c9efa4e6e2a0f58bb9e51b30414.bin"
        },
        {
            "start": 4160299008,
            "end": 4160303104,
            "name": "/lib/i386-linux-gnu/libc-2.27.so",
            "permissions": {
                "r": false,
                "w": false,
                "x": false
            },
            "content_file": ""
        },
        {
            "start": 4160303104,
            "end": 4160311296,
            "name": "/lib/i386-linux-gnu/libc-2.27.so",
            "permissions": {
                "r": true,
                "w": false,
                "x": true
            },
            "content_file": "748c95edb16debf4e2f5880e001d4709.bin"
        },
        {
            "start": 4160311296,
            "end": 4160315392,
            "name": "/lib/i386-linux-gnu/libc-2.27.so",
            "permissions": {
                "r": true,
                "w": true,
                "x": true
            },
            "content_file": "ea4c43180216d9d438b2e6c8a85f4247.bin"
        },
        {
            "start": 4160315392,
            "end": 4160327680,
            "name": "",
            "permissions": {
                "r": true,
                "w": true,
                "x": true
            },
            "content_file": "85a08a19272470473d9a4321646be4f4.bin"
        },
        {
            "start": 4160507904,
            "end": 4160512000,
            "name": "",
            "permissions": {
                "r": true,
                "w": true,
                "x": true
            },
            "content_file": "7b49122f3a2013c901ed7183d414497f.bin"
        },
        {
            "start": 4160512000,
            "end": 4160524288,
            "name": "/home/sakura/unicorn/cb-multios/build/include/tiny-AES128-C/libtiny-AES128-C.so",
            "permissions": {
                "r": true,
                "w": false,
                "x": true
            },
            "content_file": "f9533662237f2f0cb685206aa1f3facb.bin"
        },
        {
            "start": 4160524288,
            "end": 4160528384,
            "name": "/home/sakura/unicorn/cb-multios/build/include/tiny-AES128-C/libtiny-AES128-C.so",
            "permissions": {
                "r": true,
                "w": false,
                "x": true
            },
            "content_file": "88bbfe207527867b943e1a894d888ffb.bin"
        },
        {
            "start": 4160528384,
            "end": 4160532480,
            "name": "/home/sakura/unicorn/cb-multios/build/include/tiny-AES128-C/libtiny-AES128-C.so",
            "permissions": {
                "r": true,
                "w": true,
                "x": true
            },
            "content_file": "dd9633292ccaeccf5b164a4037ce7833.bin"
        },
        {
            "start": 4160532480,
            "end": 4160544768,
            "name": "/home/sakura/unicorn/cb-multios/build/include/libcgc.so",
            "permissions": {
                "r": true,
                "w": false,
                "x": true
            },
            "content_file": "a984b7400091efb3b00cf141cda866a4.bin"
        },
        {
            "start": 4160544768,
            "end": 4160548864,
            "name": "/home/sakura/unicorn/cb-multios/build/include/libcgc.so",
            "permissions": {
                "r": true,
                "w": false,
                "x": true
            },
            "content_file": "597aa57c3653635f6a4ba2bb32d5d0a1.bin"
        },
        {
            "start": 4160548864,
            "end": 4160552960,
            "name": "/home/sakura/unicorn/cb-multios/build/include/libcgc.so",
            "permissions": {
                "r": true,
                "w": true,
                "x": true
            },
            "content_file": "faca90dfad58d7b52dc1ed5c016f366d.bin"
        },
        {
            "start": 4160552960,
            "end": 4160561152,
            "name": "",
            "permissions": {
                "r": true,
                "w": true,
                "x": true
            },
            "content_file": "0cb10bc4de2fe82f559b43c26d27d249.bin"
        },
        {
            "start": 4160561152,
            "end": 4160573440,
            "name": "[vvar]",
            "permissions": {
                "r": true,
                "w": false,
                "x": false
            },
            "content_file": ""
        },
        {
            "start": 4160573440,
            "end": 4160577536,
            "name": "[vdso]",
            "permissions": {
                "r": true,
                "w": false,
                "x": true
            },
            "content_file": "b25ce327f18bbb674521a8dc666f07d6.bin"
        },
        {
            "start": 4160577536,
            "end": 4160733184,
            "name": "/lib/i386-linux-gnu/ld-2.27.so",
            "permissions": {
                "r": true,
                "w": false,
                "x": true
            },
            "content_file": "22a899bcc046969b613e976cf74c3fae.bin"
        },
        {
            "start": 4160733184,
            "end": 4160737280,
            "name": "/lib/i386-linux-gnu/ld-2.27.so",
            "permissions": {
                "r": true,
                "w": false,
                "x": true
            },
            "content_file": "612aa016d751a9abfa42aaa400212250.bin"
        },
        {
            "start": 4160737280,
            "end": 4160741376,
            "name": "/lib/i386-linux-gnu/ld-2.27.so",
            "permissions": {
                "r": true,
                "w": true,
                "x": true
            },
            "content_file": "c446d9ffe117f0c645c2e5100e2d4893.bin"
        },
        {
            "start": 4294823936,
            "end": 4294959104,
            "name": "[stack]",
            "permissions": {
                "r": true,
                "w": true,
                "x": true
            },
            "content_file": "c313ea925b9bbcd788622e44a400f1c9.bin"
        }
    ]
}